{"ts": 1781428905.420337, "quote": {"ts_code": "000001.SZ", "trade_date": "20260612", "close": 11.24, "pre_close": 10.94, "open": 11.0, "high": 11.25, "low": 10.88, "change": 0.3, "pct_chg": 2.74, "vol": 2032355.46, "amount": 2263042.93057, "data_source": "Tushare行情"}}